Order_ID,Order_Date,Customer_ID,Product_Category,Sub_Category,Sales,Quantity,Profit,Discount
ORD00001,2025-03-05,CUST0045,Technology,Laptops,2519.29,6,304.55,0.25
ORD00002,2025-11-18,CUST0010,Technology,Phones,2519.13,6,286.9,0.15
ORD00003,2024-03-16,CUST0068,Office Supplies,Binders,857.44,5,262.4,0.05
ORD00004,2025-09-18,CUST0029,Technology,Monitors,2911.63,7,432.24,0.25
ORD00005,2024-04-28,CUST0066,Accessories,Headsets,276.31,1,34.61,0.1
ORD00006,2025-06-01,CUST0118,Office Supplies,Labels,611.12,4,98.44,0.1
ORD00007,2025-10-14,CUST0120,Furniture,Tables,341.95,3,45.49,0.0
ORD00008,2025-07-12,CUST0071,Accessories,Mice,232.68,1,25.32,0.1
ORD00009,2025-01-01,CUST0072,Accessories,Keyboards,590.18,2,64.42,0.15
ORD00010,2024-06-15,CUST0044,Office Supplies,Paper,422.0,7,55.42,0.1
ORD00011,2024-09-30,CUST0027,Furniture,Tables,258.71,2,18.62,0.05
ORD00012,2024-11-08,CUST0093,Accessories,Headsets,1766.64,7,212.62,0.1
ORD00013,2024-12-25,CUST0053,Technology,Monitors,1118.05,6,252.93,0.0
ORD00014,2025-08-17,CUST0108,Accessories,Mice,311.48,3,49.19,0.15
ORD00015,2025-08-13,CUST0090,Furniture,Storage,678.63,2,31.88,0.2
ORD00016,2025-01-07,CUST0080,Accessories,Mice,660.83,4,119.48,0.0
ORD00017,2025-11-13,CUST0090,Furniture,Bookcases,996.78,4,-6.1,0.25
ORD00018,2025-09-22,CUST0103,Office Supplies,Paper,440.88,5,42.46,0.15
ORD00019,2025-04-21,CUST0006,Office Supplies,Labels,607.32,4,96.34,0.25
ORD00020,2024-04-05,CUST0095,Technology,Monitors,2524.43,7,671.07,0.05
ORD00021,2025-09-17,CUST0118,Technology,Printers,2732.43,7,304.59,0.25
ORD00022,2024-05-31,CUST0031,Furniture,Tables,1283.86,6,158.08,0.15
ORD00023,2024-02-21,CUST0108,Office Supplies,Envelopes,829.19,5,103.23,0.25
ORD00024,2025-03-29,CUST0012,Office Supplies,Labels,794.01,5,122.6,0.15
ORD00025,2025-04-05,CUST0009,Office Supplies,Envelopes,401.57,3,58.71,0.15
ORD00026,2024-10-19,CUST0093,Technology,Laptops,1391.01,2,238.03,0.05
ORD00027,2024-03-06,CUST0032,Technology,Phones,2994.42,4,419.34,0.15
ORD00028,2025-08-12,CUST0031,Office Supplies,Binders,669.09,4,103.06,0.15
ORD00029,2025-05-14,CUST0074,Office Supplies,Paper,357.38,2,56.4,0.15
ORD00030,2025-09-29,CUST0117,Office Supplies,Paper,433.09,5,64.81,0.25
ORD00031,2024-02-21,CUST0028,Accessories,Mice,724.33,3,124.48,0.15
ORD00032,2024-09-15,CUST0067,Accessories,Webcams,1059.03,7,240.55,0.1
ORD00033,2024-02-01,CUST0092,Technology,Laptops,840.25,2,74.28,0.25
ORD00034,2025-12-17,CUST0070,Accessories,Webcams,378.14,3,89.71,0.0
ORD00035,2024-04-20,CUST0006,Technology,Monitors,1254.64,5,77.05,0.15
ORD00036,2024-04-14,CUST0008,Technology,Phones,3851.84,6,522.46,0.2
ORD00037,2025-11-08,CUST0001,Furniture,Storage,687.57,3,68.53,0.15
ORD00038,2025-12-25,CUST0057,Accessories,Webcams,308.98,2,15.72,0.2
ORD00039,2024-11-26,CUST0034,Furniture,Bookcases,1769.63,7,194.19,0.15
ORD00040,2024-01-30,CUST0075,Office Supplies,Labels,522.56,4,92.51,0.1
ORD00041,2025-07-23,CUST0055,Office Supplies,Labels,178.54,1,18.41,0.2
ORD00042,2025-04-03,CUST0087,Office Supplies,Envelopes,931.55,7,104.59,0.25
ORD00043,2025-03-11,CUST0112,Furniture,Bookcases,1274.12,6,130.73,0.05
ORD00044,2025-07-02,CUST0086,Technology,Laptops,935.39,7,104.16,0.2
ORD00045,2024-04-12,CUST0059,Furniture,Bookcases,1408.76,7,40.06,0.2
ORD00046,2025-07-20,CUST0056,Technology,Laptops,1986.22,3,497.87,0.0
ORD00047,2024-12-14,CUST0042,Furniture,Storage,719.36,2,79.34,0.0
ORD00048,2024-06-04,CUST0038,Technology,Laptops,1027.12,2,145.79,0.2
ORD00049,2025-06-19,CUST0078,Office Supplies,Paper,594.27,4,156.96,0.1
ORD00050,2024-07-31,CUST0043,Technology,Laptops,3064.64,6,574.42,0.0
ORD00051,2024-10-25,CUST0005,Furniture,Storage,300.76,1,17.12,0.25
ORD00052,2025-03-11,CUST0015,Technology,Phones,606.28,1,139.92,0.0
ORD00053,2025-03-25,CUST0078,Office Supplies,Labels,166.36,1,24.26,0.2
ORD00054,2025-03-18,CUST0113,Technology,Laptops,2116.21,6,192.16,0.2
ORD00055,2025-08-13,CUST0059,Technology,Monitors,419.21,1,91.33,0.1
ORD00056,2024-04-03,CUST0117,Office Supplies,Envelopes,366.27,4,88.31,0.1
ORD00057,2025-07-17,CUST0044,Furniture,Storage,288.93,1,5.73,0.15
ORD00058,2025-11-04,CUST0087,Office Supplies,Binders,1068.56,7,141.91,0.15
ORD00059,2024-09-30,CUST0049,Office Supplies,Paper,790.85,5,254.75,0.0
ORD00060,2025-12-27,CUST0005,Office Supplies,Paper,337.94,2,84.89,0.0
ORD00061,2025-05-25,CUST0039,Technology,Phones,3135.52,6,415.91,0.15
ORD00062,2024-07-14,CUST0039,Office Supplies,Envelopes,873.57,5,217.75,0.15
ORD00063,2024-01-03,CUST0052,Office Supplies,Labels,105.34,3,26.51,0.05
ORD00064,2025-07-19,CUST0119,Furniture,Bookcases,1814.07,7,47.61,0.25
ORD00065,2024-02-14,CUST0037,Furniture,Storage,1213.27,3,9.45,0.25
ORD00066,2025-05-22,CUST0016,Office Supplies,Paper,113.62,1,20.69,0.15
ORD00067,2024-05-27,CUST0093,Accessories,Keyboards,762.99,4,148.59,0.1
ORD00068,2024-12-02,CUST0116,Office Supplies,Binders,961.77,7,225.84,0.15
ORD00069,2024-08-28,CUST0047,Technology,Laptops,3052.08,6,759.88,0.0
ORD00070,2025-03-30,CUST0071,Office Supplies,Binders,260.97,2,38.98,0.1
ORD00071,2025-06-27,CUST0108,Furniture,Tables,1909.26,4,171.96,0.15
ORD00072,2024-08-25,CUST0051,Technology,Phones,2495.09,4,357.08,0.15
ORD00073,2024-03-16,CUST0037,Office Supplies,Paper,764.97,4,96.0,0.25
ORD00074,2025-01-28,CUST0111,Office Supplies,Paper,738.65,7,120.0,0.25
ORD00075,2024-10-08,CUST0061,Accessories,Webcams,236.18,1,5.72,0.2
ORD00076,2024-08-23,CUST0058,Office Supplies,Labels,734.63,5,46.92,0.25
ORD00077,2025-10-05,CUST0030,Office Supplies,Paper,143.4,1,20.19,0.2
ORD00078,2024-11-30,CUST0014,Technology,Monitors,2333.58,6,374.39,0.1
ORD00079,2024-09-20,CUST0012,Accessories,Mice,1238.42,7,313.51,0.0
ORD00080,2025-11-23,CUST0080,Technology,Phones,2977.08,6,737.34,0.0
ORD00081,2025-04-10,CUST0066,Technology,Laptops,1581.11,3,329.94,0.1
ORD00082,2025-09-26,CUST0103,Technology,Laptops,2105.49,5,215.6,0.15
ORD00083,2024-04-29,CUST0043,Furniture,Storage,1141.98,2,58.74,0.05
ORD00084,2025-01-14,CUST0036,Technology,Printers,3756.46,6,685.17,0.25
ORD00085,2025-05-16,CUST0101,Furniture,Chairs,2603.2,5,308.05,0.15
ORD00086,2024-04-11,CUST0004,Technology,Monitors,3366.2,6,559.16,0.1
ORD00087,2024-04-03,CUST0084,Technology,Printers,4609.55,6,664.0,0.1
ORD00088,2024-03-11,CUST0008,Technology,Phones,3313.52,7,653.98,0.1
ORD00089,2024-10-10,CUST0032,Office Supplies,Binders,990.27,7,268.39,0.0
ORD00090,2025-01-01,CUST0109,Technology,Laptops,5070.41,7,1176.42,0.05
ORD00091,2025-05-02,CUST0060,Furniture,Chairs,931.57,4,63.86,0.2
ORD00092,2025-04-14,CUST0116,Office Supplies,Labels,901.1,6,148.59,0.25
ORD00093,2024-03-16,CUST0118,Office Supplies,Envelopes,118.7,1,11.93,0.2
ORD00094,2025-04-09,CUST0116,Furniture,Bookcases,1306.96,5,-94.62,0.25
ORD00095,2025-03-16,CUST0010,Office Supplies,Paper,348.03,4,75.97,0.25
ORD00096,2025-01-18,CUST0089,Furniture,Bookcases,592.32,2,47.0,0.15
ORD00097,2025-07-23,CUST0036,Office Supplies,Paper,142.21,1,24.73,0.1
ORD00098,2024-02-22,CUST0092,Accessories,Webcams,461.17,3,17.51,0.25
ORD00099,2025-07-23,CUST0115,Office Supplies,Labels,233.28,3,19.99,0.2
ORD00100,2025-09-15,CUST0035,Office Supplies,Binders,707.09,6,105.93,0.1
ORD00101,2024-05-26,CUST0002,Furniture,Tables,797.36,5,70.45,0.0
ORD00102,2025-04-09,CUST0114,Technology,Printers,1914.12,3,200.06,0.2
ORD00103,2025-09-24,CUST0010,Technology,Phones,712.2,1,123.48,0.15
ORD00104,2024-12-19,CUST0009,Technology,Laptops,1943.3,4,267.84,0.1
ORD00105,2024-01-08,CUST0120,Furniture,Chairs,488.06,2,32.28,0.1
ORD00106,2024-06-28,CUST0091,Furniture,Storage,912.55,2,115.82,0.1
ORD00107,2025-03-22,CUST0114,Accessories,Keyboards,153.94,1,16.33,0.15
ORD00108,2025-02-18,CUST0048,Furniture,Chairs,166.6,1,-11.22,0.25
ORD00109,2024-09-06,CUST0051,Technology,Laptops,903.17,4,175.03,0.1
ORD00110,2025-06-06,CUST0083,Office Supplies,Binders,807.9,6,124.86,0.25
ORD00111,2024-08-29,CUST0085,Office Supplies,Paper,120.39,1,22.42,0.25
ORD00112,2025-04-20,CUST0087,Accessories,Webcams,594.16,7,66.3,0.25
ORD00113,2024-06-03,CUST0015,Office Supplies,Labels,303.33,4,71.41,0.0
ORD00114,2025-04-07,CUST0119,Technology,Printers,367.76,1,61.56,0.0
ORD00115,2025-08-17,CUST0080,Furniture,Storage,973.02,5,51.61,0.2
ORD00116,2025-05-28,CUST0051,Furniture,Storage,908.36,2,35.59,0.25
ORD00117,2024-09-10,CUST0028,Office Supplies,Binders,887.78,6,178.7,0.1
ORD00118,2025-11-26,CUST0011,Furniture,Bookcases,1226.94,5,46.89,0.2
ORD00119,2024-12-07,CUST0070,Furniture,Tables,198.09,1,-9.6,0.25
ORD00120,2024-11-13,CUST0001,Technology,Laptops,1692.3,5,57.9,0.25
ORD00121,2025-10-23,CUST0041,Accessories,Keyboards,166.56,6,23.31,0.05
ORD00122,2024-08-19,CUST0120,Office Supplies,Paper,194.45,2,34.95,0.2
ORD00123,2025-11-08,CUST0040,Accessories,Keyboards,233.66,3,29.91,0.05
ORD00124,2025-03-24,CUST0003,Office Supplies,Paper,91.66,1,15.06,0.1
ORD00125,2025-06-30,CUST0073,Office Supplies,Paper,210.05,2,42.35,0.1
ORD00126,2025-04-17,CUST0105,Office Supplies,Envelopes,1532.21,7,364.05,0.05
ORD00127,2024-02-23,CUST0080,Technology,Monitors,1836.3,6,170.58,0.2
ORD00128,2024-10-06,CUST0094,Furniture,Tables,1049.88,4,69.18,0.05
ORD00129,2025-02-28,CUST0085,Accessories,Keyboards,306.51,1,40.65,0.05
ORD00130,2024-05-29,CUST0115,Accessories,Headsets,363.95,2,43.49,0.25
ORD00131,2024-01-20,CUST0110,Office Supplies,Binders,421.84,3,115.04,0.15
ORD00132,2024-05-04,CUST0078,Furniture,Bookcases,159.11,1,11.59,0.15
ORD00133,2024-05-27,CUST0006,Technology,Phones,1648.7,3,115.13,0.25
ORD00134,2024-03-10,CUST0111,Furniture,Bookcases,1485.77,5,177.67,0.15
ORD00135,2024-09-16,CUST0041,Furniture,Bookcases,1167.58,6,91.13,0.25
ORD00136,2024-05-16,CUST0005,Office Supplies,Labels,83.24,1,13.17,0.25
ORD00137,2024-05-18,CUST0084,Office Supplies,Paper,138.94,1,22.58,0.05
ORD00138,2025-06-11,CUST0100,Furniture,Bookcases,1028.62,4,126.17,0.05
ORD00139,2025-11-02,CUST0072,Accessories,Keyboards,555.79,3,51.43,0.15
ORD00140,2025-05-23,CUST0005,Furniture,Tables,1522.83,6,100.92,0.25
ORD00141,2025-07-12,CUST0098,Furniture,Tables,978.27,3,-29.96,0.2
ORD00142,2024-12-25,CUST0104,Technology,Printers,1351.75,4,146.16,0.1
ORD00143,2024-03-17,CUST0119,Office Supplies,Binders,786.71,6,244.01,0.0
ORD00144,2024-02-05,CUST0018,Office Supplies,Envelopes,365.19,2,63.06,0.2
ORD00145,2025-01-14,CUST0004,Technology,Printers,1145.27,3,183.22,0.1
ORD00146,2024-01-27,CUST0026,Technology,Laptops,2794.13,6,348.0,0.1
ORD00147,2025-12-11,CUST0034,Technology,Monitors,1718.21,4,102.36,0.25
ORD00148,2025-11-14,CUST0013,Technology,Monitors,706.66,3,157.08,0.05
ORD00149,2025-01-05,CUST0106,Accessories,Mice,893.55,5,104.45,0.15
ORD00150,2025-04-23,CUST0048,Office Supplies,Labels,1078.28,7,234.7,0.15
ORD00151,2025-02-23,CUST0036,Office Supplies,Envelopes,1508.74,7,225.33,0.15
ORD00152,2024-05-12,CUST0098,Furniture,Tables,1691.56,4,242.61,0.1
ORD00153,2024-12-20,CUST0013,Furniture,Tables,1789.98,5,165.22,0.2
ORD00154,2025-05-29,CUST0024,Office Supplies,Binders,1116.56,6,52.15,0.25
ORD00155,2024-01-30,CUST0068,Furniture,Chairs,343.82,1,19.88,0.2
ORD00156,2025-10-04,CUST0058,Office Supplies,Envelopes,465.21,5,64.85,0.25
ORD00157,2024-06-10,CUST0085,Furniture,Chairs,939.36,4,19.06,0.25
ORD00158,2025-02-12,CUST0016,Accessories,Headsets,388.43,2,66.59,0.0
ORD00159,2024-02-21,CUST0117,Technology,Laptops,1096.64,3,275.44,0.05
ORD00160,2024-07-13,CUST0033,Accessories,Headsets,1380.49,7,276.87,0.15
ORD00161,2024-09-03,CUST0024,Accessories,Webcams,279.12,2,19.91,0.25
ORD00162,2024-04-20,CUST0005,Furniture,Chairs,1587.87,4,177.42,0.0
ORD00163,2025-01-06,CUST0072,Office Supplies,Paper,569.0,5,79.62,0.2
ORD00164,2025-02-07,CUST0119,Technology,Laptops,1064.29,3,250.42,0.05
ORD00165,2024-02-16,CUST0025,Furniture,Chairs,240.13,1,-3.01,0.2
ORD00166,2024-06-15,CUST0077,Technology,Monitors,1336.5,4,242.6,0.2
ORD00167,2025-05-01,CUST0051,Office Supplies,Labels,850.66,7,122.12,0.1
ORD00168,2025-09-03,CUST0049,Office Supplies,Binders,309.75,4,94.68,0.05
ORD00169,2025-06-20,CUST0091,Office Supplies,Paper,595.3,6,136.31,0.05
ORD00170,2024-07-14,CUST0095,Accessories,Keyboards,126.68,1,5.35,0.2
ORD00171,2025-12-23,CUST0089,Accessories,Keyboards,251.36,2,33.48,0.15
ORD00172,2025-07-13,CUST0064,Technology,Monitors,1182.33,3,226.43,0.1
ORD00173,2024-10-12,CUST0033,Technology,Phones,2462.16,5,229.39,0.25
ORD00174,2025-05-06,CUST0100,Office Supplies,Labels,349.82,3,63.28,0.2
ORD00175,2024-12-19,CUST0116,Furniture,Storage,1211.51,7,57.56,0.1
ORD00176,2024-08-07,CUST0011,Office Supplies,Envelopes,192.5,2,52.8,0.0
ORD00177,2024-02-21,CUST0093,Office Supplies,Paper,899.59,6,148.27,0.1
ORD00178,2024-01-06,CUST0015,Technology,Phones,2467.0,5,516.99,0.15
ORD00179,2024-11-24,CUST0003,Technology,Monitors,1085.55,3,132.72,0.2
ORD00180,2024-06-28,CUST0093,Accessories,Keyboards,793.15,4,139.41,0.15
ORD00181,2024-02-08,CUST0030,Technology,Monitors,537.47,1,50.72,0.15
ORD00182,2024-05-17,CUST0030,Office Supplies,Envelopes,1202.25,7,220.81,0.25
ORD00183,2024-01-15,CUST0017,Technology,Phones,4071.58,6,300.87,0.2
ORD00184,2025-06-11,CUST0082,Accessories,Webcams,283.48,3,25.66,0.1
ORD00185,2024-08-29,CUST0069,Technology,Printers,1928.39,4,497.5,0.0
ORD00186,2024-03-04,CUST0065,Furniture,Tables,2102.1,6,-79.97,0.25
ORD00187,2025-01-11,CUST0090,Office Supplies,Labels,203.14,5,33.63,0.2
ORD00188,2025-07-04,CUST0052,Office Supplies,Envelopes,848.78,7,192.77,0.0
ORD00189,2024-03-20,CUST0028,Furniture,Bookcases,2092.08,5,207.04,0.2
ORD00190,2024-04-29,CUST0018,Furniture,Storage,1576.95,6,236.51,0.0
ORD00191,2025-07-31,CUST0066,Furniture,Storage,471.91,1,45.85,0.1
ORD00192,2024-02-16,CUST0011,Office Supplies,Binders,343.05,4,116.33,0.0
ORD00193,2025-02-22,CUST0012,Furniture,Bookcases,628.85,2,62.72,0.15
ORD00194,2025-01-21,CUST0065,Accessories,Webcams,704.81,4,83.26,0.1
ORD00195,2025-06-25,CUST0030,Accessories,Webcams,444.2,2,40.76,0.1
ORD00196,2025-06-28,CUST0119,Office Supplies,Envelopes,357.61,4,31.27,0.25
ORD00197,2025-09-21,CUST0015,Technology,Printers,3726.04,7,780.09,0.2
ORD00198,2024-09-07,CUST0074,Office Supplies,Binders,610.72,6,165.48,0.0
ORD00199,2025-08-12,CUST0077,Accessories,Mice,585.34,3,79.63,0.05
ORD00200,2024-11-03,CUST0015,Furniture,Storage,648.57,3,30.44,0.25
ORD00201,2024-12-18,CUST0065,Office Supplies,Binders,927.94,6,199.56,0.05
ORD00202,2024-09-03,CUST0102,Technology,Printers,3907.24,7,739.62,0.0
ORD00203,2025-02-01,CUST0081,Accessories,Mice,358.15,2,57.39,0.1
ORD00204,2024-02-22,CUST0100,Office Supplies,Paper,295.46,3,22.23,0.2
ORD00205,2024-08-01,CUST0099,Office Supplies,Envelopes,658.75,7,192.36,0.05
ORD00206,2024-09-05,CUST0010,Technology,Printers,3663.62,6,697.0,0.1
ORD00207,2024-11-11,CUST0108,Office Supplies,Labels,446.12,3,58.59,0.25
ORD00208,2025-01-14,CUST0093,Office Supplies,Paper,291.99,3,49.29,0.1
ORD00209,2024-10-29,CUST0025,Office Supplies,Envelopes,300.28,2,47.94,0.2
ORD00210,2025-05-15,CUST0027,Office Supplies,Labels,441.75,6,86.27,0.05
ORD00211,2025-07-09,CUST0092,Office Supplies,Paper,1067.01,6,239.13,0.25
ORD00212,2025-10-07,CUST0069,Technology,Phones,1652.12,2,278.94,0.0
ORD00213,2025-11-06,CUST0091,Office Supplies,Envelopes,467.15,4,65.48,0.25
ORD00214,2025-05-29,CUST0018,Accessories,Keyboards,1219.33,7,199.12,0.0
ORD00215,2024-12-28,CUST0031,Technology,Monitors,2104.24,3,480.85,0.05
ORD00216,2025-10-31,CUST0046,Technology,Laptops,2157.71,7,407.89,0.15
ORD00217,2024-03-25,CUST0018,Technology,Phones,3404.26,4,918.78,0.0
ORD00218,2024-08-04,CUST0069,Accessories,Mice,1378.23,7,126.32,0.25
ORD00219,2024-07-02,CUST0002,Accessories,Keyboards,827.34,7,64.92,0.25
ORD00220,2024-06-15,CUST0080,Accessories,Headsets,1389.39,5,289.15,0.1
ORD00221,2025-05-27,CUST0024,Office Supplies,Binders,582.48,6,116.14,0.1
ORD00222,2024-11-30,CUST0111,Office Supplies,Envelopes,132.92,1,16.18,0.2
ORD00223,2024-03-28,CUST0111,Furniture,Storage,2203.93,7,334.15,0.05
ORD00224,2025-02-02,CUST0074,Office Supplies,Paper,285.23,3,83.53,0.1
ORD00225,2025-04-04,CUST0016,Technology,Printers,2929.89,5,680.08,0.0
ORD00226,2024-01-13,CUST0045,Office Supplies,Envelopes,177.5,3,48.14,0.05
ORD00227,2024-06-22,CUST0114,Technology,Printers,890.04,2,129.25,0.1
ORD00228,2025-01-04,CUST0031,Furniture,Chairs,466.21,3,50.53,0.15
ORD00229,2024-12-06,CUST0081,Furniture,Storage,2166.31,7,8.11,0.25
ORD00230,2025-09-09,CUST0030,Technology,Monitors,2790.03,6,349.84,0.1
ORD00231,2024-11-29,CUST0001,Office Supplies,Paper,349.12,4,75.72,0.05
ORD00232,2025-04-17,CUST0068,Office Supplies,Binders,1229.48,6,278.92,0.15
ORD00233,2024-09-04,CUST0020,Technology,Monitors,1333.33,3,189.44,0.2
ORD00234,2025-07-10,CUST0055,Furniture,Storage,409.56,1,-18.17,0.25
ORD00235,2025-11-04,CUST0006,Technology,Phones,3457.46,6,214.57,0.25
ORD00236,2025-03-16,CUST0118,Accessories,Headsets,192.68,1,17.21,0.2
ORD00237,2025-02-04,CUST0083,Technology,Monitors,2341.38,4,609.71,0.0
ORD00238,2024-04-28,CUST0112,Furniture,Chairs,1310.45,7,92.23,0.05
ORD00239,2025-03-24,CUST0102,Furniture,Chairs,1547.22,6,182.99,0.0
ORD00240,2025-11-24,CUST0117,Furniture,Chairs,2282.69,7,398.96,0.05
ORD00241,2024-08-25,CUST0042,Furniture,Storage,2304.91,7,235.41,0.0
ORD00242,2025-08-29,CUST0080,Accessories,Webcams,999.42,4,237.66,0.0
ORD00243,2025-01-09,CUST0095,Office Supplies,Paper,139.96,3,24.59,0.25
ORD00244,2025-08-24,CUST0082,Furniture,Storage,144.02,1,3.44,0.25
ORD00245,2025-11-19,CUST0041,Accessories,Keyboards,488.7,2,79.21,0.05
ORD00246,2025-08-11,CUST0067,Furniture,Tables,1368.33,4,152.14,0.05
ORD00247,2024-07-10,CUST0088,Furniture,Tables,946.29,3,89.58,0.15
ORD00248,2025-02-22,CUST0080,Office Supplies,Envelopes,590.5,6,108.9,0.2
ORD00249,2024-02-03,CUST0017,Office Supplies,Labels,253.54,3,57.24,0.15
ORD00250,2024-10-01,CUST0098,Technology,Laptops,2613.75,7,273.1,0.25
ORD00251,2024-04-14,CUST0026,Technology,Printers,3658.49,6,737.59,0.15
ORD00252,2025-03-25,CUST0085,Accessories,Keyboards,1537.81,7,195.54,0.2
ORD00253,2024-06-18,CUST0094,Accessories,Webcams,1001.85,5,94.26,0.1
ORD00254,2024-11-27,CUST0062,Office Supplies,Paper,786.2,6,136.82,0.25
ORD00255,2024-03-01,CUST0104,Technology,Printers,1492.48,3,234.37,0.25
ORD00256,2025-05-16,CUST0072,Technology,Printers,1004.89,2,78.42,0.25
ORD00257,2025-06-11,CUST0069,Office Supplies,Envelopes,558.65,6,106.14,0.1
ORD00258,2025-04-14,CUST0117,Accessories,Keyboards,1159.22,6,202.9,0.05
ORD00259,2024-10-01,CUST0120,Office Supplies,Envelopes,345.49,3,63.16,0.15
ORD00260,2024-02-17,CUST0091,Accessories,Keyboards,263.3,1,62.03,0.05
ORD00261,2024-07-26,CUST0071,Technology,Printers,2846.7,6,683.08,0.1
ORD00262,2025-01-15,CUST0034,Furniture,Chairs,2498.47,6,-134.22,0.25
ORD00263,2025-12-21,CUST0025,Furniture,Chairs,327.54,1,3.53,0.25
ORD00264,2024-05-03,CUST0057,Technology,Monitors,5731.67,7,326.01,0.25
ORD00265,2024-11-02,CUST0041,Technology,Monitors,1069.45,2,117.38,0.25
ORD00266,2025-09-16,CUST0022,Office Supplies,Binders,642.62,6,88.11,0.15
ORD00267,2024-03-29,CUST0116,Furniture,Tables,512.08,1,13.19,0.15
ORD00268,2025-10-22,CUST0084,Technology,Monitors,492.05,1,50.39,0.25
ORD00269,2024-07-29,CUST0004,Office Supplies,Labels,707.1,5,157.4,0.05
ORD00270,2025-10-15,CUST0098,Technology,Printers,3762.65,5,487.69,0.1
ORD00271,2025-01-09,CUST0072,Accessories,Webcams,1482.4,5,355.99,0.0
ORD00272,2024-02-10,CUST0009,Technology,Phones,644.07,1,134.35,0.15
ORD00273,2024-10-11,CUST0090,Furniture,Tables,223.64,1,10.84,0.2
ORD00274,2024-11-13,CUST0036,Office Supplies,Binders,1085.21,6,181.45,0.15
ORD00275,2024-11-12,CUST0082,Office Supplies,Binders,371.31,6,44.34,0.25
ORD00276,2025-06-19,CUST0039,Furniture,Bookcases,1778.62,5,188.25,0.1
ORD00277,2024-12-09,CUST0102,Technology,Laptops,2078.29,7,252.65,0.25
ORD00278,2024-02-26,CUST0046,Furniture,Bookcases,1761.93,4,-30.24,0.2
ORD00279,2024-02-15,CUST0058,Technology,Laptops,4449.31,7,1119.22,0.05
ORD00280,2025-07-20,CUST0113,Accessories,Keyboards,731.56,7,59.44,0.15
ORD00281,2025-08-08,CUST0032,Furniture,Chairs,1093.54,3,24.17,0.2
ORD00282,2025-04-21,CUST0109,Accessories,Keyboards,1613.59,7,341.92,0.0
ORD00283,2025-09-29,CUST0097,Furniture,Bookcases,626.36,2,75.59,0.05
ORD00284,2024-06-03,CUST0048,Office Supplies,Paper,41.38,1,4.43,0.25
ORD00285,2025-11-04,CUST0087,Accessories,Keyboards,814.69,4,149.93,0.05
ORD00286,2025-12-29,CUST0106,Accessories,Mice,530.55,3,22.13,0.25
ORD00287,2025-08-17,CUST0036,Furniture,Chairs,385.21,1,60.27,0.0
ORD00288,2024-10-25,CUST0004,Accessories,Mice,614.37,3,124.11,0.1
ORD00289,2024-07-26,CUST0080,Technology,Laptops,857.17,2,164.92,0.15
ORD00290,2024-07-31,CUST0015,Technology,Monitors,1587.78,4,136.49,0.25
ORD00291,2024-08-08,CUST0076,Office Supplies,Binders,699.87,7,152.02,0.15
ORD00292,2024-06-27,CUST0057,Office Supplies,Labels,158.77,1,43.41,0.0
ORD00293,2024-05-04,CUST0082,Office Supplies,Paper,124.29,1,18.81,0.15
ORD00294,2025-08-19,CUST0099,Office Supplies,Binders,600.48,5,40.21,0.25
ORD00295,2024-05-05,CUST0083,Technology,Monitors,348.86,1,55.97,0.25
ORD00296,2024-06-25,CUST0120,Technology,Printers,1878.41,3,352.98,0.0
ORD00297,2025-05-25,CUST0088,Office Supplies,Labels,597.97,4,83.83,0.15
ORD00298,2025-10-07,CUST0070,Accessories,Mice,822.49,7,124.73,0.15
ORD00299,2025-02-01,CUST0061,Furniture,Bookcases,1018.38,3,82.71,0.1
ORD00300,2025-08-21,CUST0074,Accessories,Headsets,458.72,2,37.73,0.25
ORD00301,2025-08-12,CUST0009,Accessories,Mice,1031.62,7,256.17,0.05
ORD00302,2025-08-28,CUST0063,Office Supplies,Labels,111.13,1,27.01,0.05
ORD00303,2025-07-09,CUST0073,Office Supplies,Envelopes,269.35,3,53.45,0.0
ORD00304,2024-05-13,CUST0113,Technology,Phones,1213.7,3,307.31,0.0
ORD00305,2024-04-23,CUST0092,Office Supplies,Paper,651.02,7,51.28,0.25
ORD00306,2024-11-26,CUST0037,Technology,Monitors,1431.05,2,286.61,0.15
ORD00307,2024-08-16,CUST0016,Technology,Monitors,2977.02,6,642.9,0.05
ORD00308,2025-08-04,CUST0069,Technology,Printers,269.92,1,12.6,0.25
ORD00309,2024-12-05,CUST0109,Accessories,Mice,1416.7,6,315.5,0.0
ORD00310,2025-04-02,CUST0007,Office Supplies,Labels,70.68,1,14.15,0.0
ORD00311,2025-03-05,CUST0076,Technology,Printers,736.9,2,202.64,0.0
ORD00312,2024-06-15,CUST0039,Office Supplies,Paper,715.26,4,167.54,0.0
ORD00313,2024-06-13,CUST0114,Technology,Printers,3469.74,6,129.16,0.2
ORD00314,2025-10-31,CUST0021,Office Supplies,Envelopes,165.31,2,28.66,0.05
ORD00315,2025-11-07,CUST0037,Office Supplies,Labels,208.32,3,39.24,0.15
ORD00316,2024-03-30,CUST0078,Furniture,Storage,1379.31,3,185.55,0.05
ORD00317,2025-04-29,CUST0115,Furniture,Chairs,3207.98,7,436.27,0.1
ORD00318,2025-01-14,CUST0090,Office Supplies,Paper,422.55,4,83.39,0.05
ORD00319,2025-12-14,CUST0109,Office Supplies,Paper,450.08,6,101.4,0.2
ORD00320,2025-06-19,CUST0057,Technology,Printers,1826.84,4,474.43,0.05
ORD00321,2025-05-29,CUST0107,Technology,Laptops,2649.37,5,734.03,0.0
ORD00322,2024-08-04,CUST0024,Furniture,Tables,2786.53,7,139.8,0.05
ORD00323,2024-11-23,CUST0044,Office Supplies,Labels,243.11,6,44.55,0.1
ORD00324,2025-12-18,CUST0074,Furniture,Chairs,1377.32,5,86.28,0.2
ORD00325,2024-04-18,CUST0047,Office Supplies,Binders,549.21,5,139.36,0.15
ORD00326,2024-02-08,CUST0090,Office Supplies,Envelopes,170.08,2,47.84,0.0
ORD00327,2024-02-20,CUST0034,Accessories,Mice,1210.38,6,167.08,0.1
ORD00328,2024-08-21,CUST0046,Office Supplies,Binders,163.29,2,29.74,0.25
ORD00329,2025-03-28,CUST0054,Office Supplies,Paper,378.57,2,75.31,0.1
ORD00330,2024-03-08,CUST0082,Furniture,Tables,1330.1,3,74.99,0.2
ORD00331,2024-02-29,CUST0022,Technology,Phones,1425.16,2,143.2,0.1
ORD00332,2025-11-28,CUST0057,Furniture,Chairs,161.84,1,8.96,0.15
ORD00333,2024-09-21,CUST0109,Furniture,Tables,2665.78,6,-89.95,0.2
ORD00334,2025-10-24,CUST0040,Technology,Phones,1087.34,2,173.78,0.25
ORD00335,2025-09-07,CUST0077,Accessories,Mice,795.02,7,28.6,0.25
ORD00336,2024-12-23,CUST0025,Furniture,Storage,1514.1,4,79.97,0.15
ORD00337,2025-07-28,CUST0085,Technology,Monitors,4167.97,6,698.54,0.1
ORD00338,2024-09-24,CUST0083,Office Supplies,Labels,432.41,6,87.16,0.05
ORD00339,2025-11-07,CUST0088,Office Supplies,Envelopes,237.57,3,52.64,0.1
ORD00340,2025-08-20,CUST0060,Furniture,Chairs,2877.77,6,125.59,0.25
ORD00341,2025-06-03,CUST0072,Office Supplies,Labels,553.33,3,177.88,0.0
ORD00342,2025-11-27,CUST0011,Office Supplies,Paper,485.88,3,62.98,0.15
ORD00343,2025-08-22,CUST0018,Furniture,Bookcases,654.68,3,-27.48,0.2
ORD00344,2025-05-27,CUST0078,Technology,Phones,828.48,1,209.5,0.05
ORD00345,2025-08-06,CUST0033,Technology,Printers,2252.07,4,273.7,0.1
ORD00346,2024-01-05,CUST0079,Technology,Laptops,1998.27,4,203.49,0.15
ORD00347,2025-09-21,CUST0067,Office Supplies,Paper,262.07,4,87.74,0.0
ORD00348,2024-11-25,CUST0102,Office Supplies,Binders,890.04,7,240.36,0.05
ORD00349,2024-05-12,CUST0087,Accessories,Headsets,222.67,1,39.84,0.1
ORD00350,2025-03-20,CUST0081,Furniture,Bookcases,1586.09,6,159.79,0.05
ORD00351,2024-01-20,CUST0033,Accessories,Webcams,368.73,2,22.5,0.2
ORD00352,2025-01-19,CUST0034,Furniture,Chairs,1428.64,6,67.44,0.25
ORD00353,2025-12-07,CUST0104,Office Supplies,Binders,115.96,1,29.1,0.05
ORD00354,2024-11-04,CUST0012,Office Supplies,Binders,323.78,4,66.59,0.05
ORD00355,2024-10-16,CUST0059,Accessories,Keyboards,216.8,1,22.33,0.2
ORD00356,2024-10-29,CUST0111,Furniture,Storage,489.43,2,47.16,0.1
ORD00357,2024-04-23,CUST0011,Technology,Laptops,4190.12,7,983.17,0.0
ORD00358,2025-10-21,CUST0110,Technology,Monitors,949.29,2,177.12,0.05
ORD00359,2025-11-24,CUST0100,Accessories,Headsets,139.77,3,35.75,0.0
ORD00360,2024-12-02,CUST0061,Office Supplies,Paper,332.1,3,55.37,0.1
ORD00361,2025-02-13,CUST0100,Technology,Printers,2942.27,4,89.16,0.25
ORD00362,2025-12-13,CUST0029,Technology,Phones,3288.3,6,209.91,0.2
ORD00363,2024-07-04,CUST0104,Office Supplies,Envelopes,835.74,5,18.09,0.25
ORD00364,2024-04-25,CUST0045,Technology,Printers,1759.05,4,147.53,0.25
ORD00365,2025-11-16,CUST0076,Office Supplies,Paper,723.06,7,104.12,0.25
ORD00366,2024-06-01,CUST0090,Furniture,Storage,1423.33,7,228.73,0.05
ORD00367,2024-06-18,CUST0120,Furniture,Storage,477.37,1,15.7,0.2
ORD00368,2024-08-28,CUST0070,Office Supplies,Envelopes,78.06,1,14.68,0.15
ORD00369,2024-04-15,CUST0095,Accessories,Keyboards,934.56,4,13.45,0.2
ORD00370,2025-11-01,CUST0118,Office Supplies,Paper,700.88,6,170.92,0.15
ORD00371,2025-11-03,CUST0091,Office Supplies,Envelopes,326.76,3,83.8,0.1
ORD00372,2025-07-14,CUST0077,Office Supplies,Labels,688.19,5,118.41,0.25
ORD00373,2025-09-17,CUST0058,Furniture,Bookcases,569.38,2,92.0,0.05
ORD00374,2024-02-17,CUST0056,Technology,Printers,3177.4,6,412.44,0.25
ORD00375,2024-01-05,CUST0049,Furniture,Storage,1242.53,5,26.98,0.2
ORD00376,2024-05-11,CUST0082,Accessories,Mice,213.1,1,27.93,0.15
ORD00377,2024-10-07,CUST0093,Office Supplies,Paper,307.16,4,53.38,0.15
ORD00378,2025-12-19,CUST0088,Accessories,Headsets,1266.5,5,254.65,0.05
ORD00379,2025-11-19,CUST0012,Office Supplies,Labels,248.89,2,47.42,0.25
ORD00380,2025-07-29,CUST0078,Office Supplies,Labels,493.47,4,101.9,0.2
ORD00381,2025-06-19,CUST0079,Office Supplies,Binders,162.74,1,41.63,0.05
ORD00382,2024-03-04,CUST0036,Office Supplies,Paper,958.24,6,204.39,0.15
ORD00383,2025-10-24,CUST0086,Accessories,Mice,802.48,5,68.09,0.25
ORD00384,2025-03-02,CUST0076,Accessories,Webcams,2366.07,7,235.61,0.1
ORD00385,2024-08-18,CUST0042,Accessories,Webcams,874.77,6,111.36,0.2
ORD00386,2024-10-28,CUST0084,Office Supplies,Paper,411.94,4,57.55,0.2
ORD00387,2025-07-23,CUST0118,Technology,Monitors,1970.03,3,14.53,0.25
ORD00388,2025-09-03,CUST0030,Technology,Monitors,686.15,1,104.34,0.2
ORD00389,2025-06-22,CUST0117,Technology,Monitors,840.37,2,148.59,0.2
ORD00390,2024-08-06,CUST0071,Technology,Phones,2042.09,6,204.01,0.2
ORD00391,2024-04-27,CUST0069,Office Supplies,Binders,959.67,6,241.89,0.05
ORD00392,2025-01-25,CUST0104,Office Supplies,Labels,878.37,7,126.04,0.2
ORD00393,2025-05-13,CUST0073,Furniture,Storage,547.08,1,86.54,0.0
ORD00394,2025-10-03,CUST0112,Accessories,Keyboards,258.35,1,59.19,0.0
ORD00395,2025-10-24,CUST0079,Office Supplies,Envelopes,805.71,7,142.4,0.1
ORD00396,2024-09-14,CUST0068,Technology,Phones,3636.55,5,303.91,0.15
ORD00397,2025-02-02,CUST0008,Furniture,Chairs,947.6,6,-54.99,0.25
ORD00398,2025-01-01,CUST0012,Office Supplies,Binders,498.68,5,81.13,0.15
ORD00399,2025-04-30,CUST0046,Office Supplies,Binders,331.4,2,52.36,0.2
ORD00400,2025-11-24,CUST0112,Office Supplies,Labels,1010.69,7,256.43,0.2
ORD00401,2025-07-04,CUST0080,Technology,Printers,2200.52,5,529.66,0.1
ORD00402,2024-06-13,CUST0017,Accessories,Mice,254.65,2,8.64,0.2
ORD00403,2025-10-22,CUST0107,Accessories,Webcams,607.16,5,37.38,0.2
ORD00404,2025-11-18,CUST0107,Furniture,Tables,1413.82,6,53.81,0.15
ORD00405,2025-12-11,CUST0105,Office Supplies,Labels,418.29,5,122.8,0.05
ORD00406,2025-12-30,CUST0001,Technology,Phones,3237.06,6,574.85,0.1
ORD00407,2024-11-08,CUST0110,Furniture,Bookcases,1444.75,4,98.24,0.05
ORD00408,2024-03-18,CUST0015,Technology,Laptops,709.12,1,131.58,0.2
ORD00409,2025-07-10,CUST0077,Technology,Monitors,3769.52,5,377.13,0.2
ORD00410,2025-05-28,CUST0024,Furniture,Storage,1969.53,5,11.37,0.2
ORD00411,2025-04-01,CUST0052,Office Supplies,Paper,320.3,2,44.0,0.25
ORD00412,2024-08-12,CUST0064,Accessories,Keyboards,1093.65,7,130.15,0.05
ORD00413,2025-04-25,CUST0118,Office Supplies,Envelopes,616.68,4,106.64,0.2
ORD00414,2025-08-15,CUST0115,Technology,Monitors,3336.98,5,781.26,0.0
ORD00415,2025-06-12,CUST0092,Furniture,Tables,1529.54,4,173.85,0.2
ORD00416,2024-06-18,CUST0065,Accessories,Webcams,318.86,2,34.51,0.1
ORD00417,2025-02-28,CUST0062,Office Supplies,Paper,993.27,7,208.58,0.2
ORD00418,2024-09-06,CUST0034,Office Supplies,Binders,107.23,1,13.93,0.2
ORD00419,2025-06-13,CUST0117,Technology,Phones,1609.23,4,126.41,0.25
ORD00420,2025-04-04,CUST0060,Accessories,Mice,1191.09,5,200.05,0.2
ORD00421,2025-09-30,CUST0012,Office Supplies,Paper,1047.37,6,190.1,0.2
ORD00422,2024-05-15,CUST0096,Technology,Printers,816.41,1,109.45,0.05
ORD00423,2025-06-28,CUST0011,Technology,Laptops,3516.75,5,456.77,0.2
ORD00424,2025-06-18,CUST0037,Accessories,Webcams,818.73,4,62.13,0.15
ORD00425,2025-03-11,CUST0084,Furniture,Chairs,502.52,2,20.37,0.2
ORD00426,2024-01-06,CUST0027,Furniture,Tables,2414.26,6,-14.51,0.15
ORD00427,2025-02-22,CUST0052,Office Supplies,Labels,415.49,3,74.02,0.2
ORD00428,2025-11-27,CUST0028,Furniture,Bookcases,938.69,4,70.42,0.1
ORD00429,2025-08-14,CUST0030,Furniture,Bookcases,635.1,3,81.15,0.0
ORD00430,2024-04-12,CUST0013,Furniture,Tables,437.86,2,10.94,0.25
ORD00431,2024-04-03,CUST0021,Technology,Laptops,1441.36,7,223.27,0.05
ORD00432,2025-02-14,CUST0079,Office Supplies,Envelopes,449.19,5,137.37,0.05
ORD00433,2025-11-03,CUST0078,Furniture,Tables,386.12,7,-1.7,0.25
ORD00434,2025-01-03,CUST0025,Technology,Laptops,1006.65,2,175.27,0.15
ORD00435,2025-06-14,CUST0087,Furniture,Tables,250.42,1,-11.47,0.2
ORD00436,2024-08-19,CUST0057,Furniture,Bookcases,2423.96,5,266.51,0.05
ORD00437,2025-05-30,CUST0032,Technology,Laptops,1444.05,3,111.59,0.2
ORD00438,2025-01-21,CUST0058,Office Supplies,Envelopes,669.49,5,75.74,0.25
ORD00439,2025-05-08,CUST0079,Office Supplies,Binders,157.22,1,31.55,0.25
ORD00440,2025-06-12,CUST0042,Furniture,Bookcases,1962.14,5,52.67,0.25
ORD00441,2025-05-02,CUST0021,Furniture,Tables,1003.9,3,18.49,0.25
ORD00442,2024-08-28,CUST0019,Technology,Phones,1946.03,6,187.88,0.2
ORD00443,2024-03-21,CUST0108,Office Supplies,Binders,858.61,6,163.99,0.0
ORD00444,2025-05-19,CUST0057,Furniture,Bookcases,2438.66,5,219.41,0.1
ORD00445,2024-02-25,CUST0006,Office Supplies,Paper,692.56,5,120.12,0.15
ORD00446,2024-05-03,CUST0074,Office Supplies,Envelopes,1112.84,6,120.48,0.15
ORD00447,2024-07-10,CUST0076,Furniture,Bookcases,1450.24,5,124.87,0.05
ORD00448,2025-01-08,CUST0104,Technology,Monitors,3372.51,7,352.69,0.25
ORD00449,2024-08-29,CUST0026,Technology,Monitors,1691.81,5,322.14,0.05
ORD00450,2025-05-26,CUST0057,Technology,Printers,995.7,2,220.22,0.15
ORD00451,2025-02-11,CUST0045,Office Supplies,Binders,100.34,1,21.69,0.25
ORD00452,2025-01-04,CUST0061,Office Supplies,Labels,314.09,3,71.82,0.0
ORD00453,2025-08-13,CUST0069,Office Supplies,Paper,386.41,5,107.55,0.1
ORD00454,2024-03-21,CUST0065,Furniture,Storage,1283.85,4,-28.92,0.25
ORD00455,2024-03-14,CUST0120,Furniture,Storage,223.26,1,11.43,0.1
ORD00456,2025-01-06,CUST0046,Furniture,Storage,1688.81,6,330.78,0.0
ORD00457,2025-12-18,CUST0062,Technology,Monitors,3476.21,6,309.79,0.15
ORD00458,2025-06-20,CUST0117,Technology,Printers,2096.15,7,462.7,0.15
ORD00459,2025-03-29,CUST0107,Technology,Monitors,3686.47,6,410.38,0.1
ORD00460,2025-04-23,CUST0052,Furniture,Storage,3036.87,7,-66.8,0.25
ORD00461,2025-10-08,CUST0014,Office Supplies,Envelopes,528.56,6,106.61,0.1
ORD00462,2024-04-01,CUST0035,Furniture,Tables,1592.27,4,3.8,0.2
ORD00463,2024-10-20,CUST0109,Office Supplies,Labels,407.29,4,93.05,0.1
ORD00464,2025-09-03,CUST0111,Furniture,Bookcases,371.96,2,26.99,0.15
ORD00465,2025-01-22,CUST0095,Technology,Printers,431.93,2,29.22,0.2
ORD00466,2025-10-26,CUST0013,Office Supplies,Labels,639.77,6,125.16,0.05
ORD00467,2024-10-05,CUST0013,Office Supplies,Envelopes,756.01,6,91.75,0.2
ORD00468,2024-10-02,CUST0115,Accessories,Headsets,424.84,2,40.65,0.15
ORD00469,2025-01-15,CUST0005,Furniture,Storage,911.87,4,59.57,0.05
ORD00470,2025-07-10,CUST0018,Office Supplies,Binders,353.26,4,80.37,0.0
ORD00471,2025-01-29,CUST0017,Office Supplies,Paper,1077.45,7,198.49,0.25
ORD00472,2025-04-29,CUST0098,Furniture,Tables,926.8,4,108.86,0.0
ORD00473,2024-09-16,CUST0082,Office Supplies,Binders,297.69,4,85.91,0.05
ORD00474,2024-11-28,CUST0080,Technology,Printers,195.99,1,35.62,0.0
ORD00475,2025-12-05,CUST0036,Office Supplies,Envelopes,805.96,5,69.05,0.25
ORD00476,2024-03-02,CUST0003,Accessories,Keyboards,602.38,3,80.31,0.05
ORD00477,2025-03-25,CUST0109,Office Supplies,Labels,307.58,6,74.96,0.0
ORD00478,2025-07-09,CUST0037,Furniture,Bookcases,1555.97,6,126.11,0.15
ORD00479,2024-03-11,CUST0057,Office Supplies,Paper,698.31,5,160.26,0.0
ORD00480,2024-01-20,CUST0023,Furniture,Tables,1210.45,5,1.2,0.25
ORD00481,2025-06-20,CUST0063,Office Supplies,Paper,684.32,6,113.79,0.25
ORD00482,2024-02-14,CUST0038,Technology,Laptops,4201.1,7,1103.57,0.05
ORD00483,2025-11-04,CUST0014,Office Supplies,Envelopes,221.75,4,23.98,0.2
ORD00484,2025-11-02,CUST0016,Technology,Phones,2343.83,4,530.08,0.1
ORD00485,2025-01-12,CUST0063,Accessories,Webcams,1251.27,7,181.79,0.0
ORD00486,2025-06-15,CUST0051,Technology,Phones,965.59,1,61.69,0.25
ORD00487,2025-07-25,CUST0028,Office Supplies,Paper,284.86,6,50.51,0.25
ORD00488,2024-06-19,CUST0096,Office Supplies,Binders,998.49,7,139.41,0.2
ORD00489,2025-07-17,CUST0036,Furniture,Bookcases,1249.63,3,91.46,0.1
ORD00490,2025-01-19,CUST0030,Office Supplies,Paper,317.97,7,60.89,0.15
ORD00491,2025-09-02,CUST0090,Technology,Monitors,369.18,1,76.06,0.05
ORD00492,2025-07-20,CUST0077,Furniture,Bookcases,1817.93,5,273.87,0.1
ORD00493,2024-08-26,CUST0045,Technology,Phones,1165.5,3,199.52,0.25
ORD00494,2024-06-26,CUST0047,Furniture,Storage,1645.76,4,78.66,0.2
ORD00495,2024-03-21,CUST0084,Technology,Printers,4616.24,7,304.36,0.15
ORD00496,2025-10-30,CUST0051,Technology,Phones,3640.64,7,673.32,0.1
ORD00497,2024-11-30,CUST0043,Furniture,Tables,1509.07,5,9.6,0.15
ORD00498,2024-08-15,CUST0003,Office Supplies,Binders,710.33,4,62.26,0.2
ORD00499,2024-03-28,CUST0004,Office Supplies,Labels,641.88,4,80.68,0.2
ORD00500,2025-07-28,CUST0115,Furniture,Tables,1884.08,5,138.35,0.15
ORD00501,2024-04-25,CUST0006,Accessories,Keyboards,646.93,6,61.57,0.25
ORD00502,2025-09-23,CUST0100,Furniture,Bookcases,1318.65,7,147.78,0.05
ORD00503,2024-04-25,CUST0041,Furniture,Chairs,1135.0,6,179.78,0.1
ORD00504,2024-11-08,CUST0071,Office Supplies,Binders,417.28,4,81.11,0.2
ORD00505,2025-09-29,CUST0036,Technology,Printers,2543.69,6,395.3,0.25
ORD00506,2024-10-17,CUST0072,Technology,Laptops,1372.89,2,360.51,0.0
ORD00507,2024-04-20,CUST0040,Office Supplies,Labels,98.47,1,10.79,0.2
ORD00508,2025-05-11,CUST0006,Technology,Monitors,2145.85,7,220.55,0.2
ORD00509,2025-06-26,CUST0008,Technology,Phones,1118.45,3,174.39,0.1
ORD00510,2024-03-04,CUST0006,Furniture,Bookcases,2685.66,6,-26.8,0.2
ORD00511,2025-02-06,CUST0072,Technology,Monitors,2734.85,6,82.79,0.25
ORD00512,2025-03-12,CUST0117,Furniture,Tables,1538.87,3,141.34,0.05
ORD00513,2024-05-21,CUST0111,Office Supplies,Paper,255.93,3,76.13,0.05
ORD00514,2024-11-21,CUST0041,Office Supplies,Paper,160.09,1,28.42,0.05
ORD00515,2025-02-25,CUST0086,Office Supplies,Envelopes,431.33,3,122.41,0.1
ORD00516,2024-07-08,CUST0069,Technology,Phones,460.15,1,106.38,0.05
ORD00517,2025-01-02,CUST0004,Technology,Laptops,552.63,1,58.09,0.25
ORD00518,2025-05-18,CUST0086,Technology,Printers,2629.55,4,467.74,0.0
ORD00519,2025-11-18,CUST0039,Accessories,Mice,271.46,2,44.47,0.2
ORD00520,2024-09-09,CUST0032,Furniture,Storage,1014.36,4,36.74,0.1
ORD00521,2025-06-17,CUST0070,Accessories,Keyboards,296.73,1,48.01,0.2
ORD00522,2025-07-25,CUST0117,Accessories,Keyboards,398.25,4,31.43,0.15
ORD00523,2025-04-17,CUST0085,Office Supplies,Labels,304.38,2,52.53,0.05
ORD00524,2025-05-27,CUST0010,Office Supplies,Binders,105.52,1,26.37,0.15
ORD00525,2025-04-09,CUST0022,Furniture,Tables,2459.18,5,315.48,0.1
ORD00526,2024-05-06,CUST0047,Accessories,Mice,330.81,1,38.85,0.15
ORD00527,2025-01-22,CUST0085,Accessories,Mice,742.01,5,37.49,0.25
ORD00528,2024-07-02,CUST0021,Technology,Phones,5174.12,7,956.72,0.15
ORD00529,2024-07-26,CUST0096,Technology,Phones,379.31,1,43.4,0.2
ORD00530,2024-08-31,CUST0043,Office Supplies,Envelopes,138.13,2,25.01,0.2
ORD00531,2025-09-26,CUST0071,Accessories,Headsets,1463.14,6,60.33,0.25
ORD00532,2025-11-14,CUST0045,Technology,Laptops,1761.05,5,289.29,0.15
ORD00533,2025-09-17,CUST0025,Technology,Monitors,1070.18,6,169.15,0.15
ORD00534,2024-04-05,CUST0117,Furniture,Chairs,3179.42,7,87.29,0.15
ORD00535,2024-05-17,CUST0096,Technology,Printers,355.1,1,51.32,0.25
ORD00536,2025-05-10,CUST0070,Technology,Laptops,3506.19,6,421.37,0.2
ORD00537,2024-05-12,CUST0032,Technology,Monitors,4770.09,5,954.87,0.05
ORD00538,2024-07-17,CUST0038,Technology,Monitors,484.92,1,69.77,0.05
ORD00539,2024-02-16,CUST0043,Accessories,Webcams,716.7,3,79.65,0.25
ORD00540,2024-11-03,CUST0084,Office Supplies,Labels,390.28,5,45.48,0.15
ORD00541,2024-06-28,CUST0059,Office Supplies,Binders,233.41,2,67.89,0.0
ORD00542,2025-07-03,CUST0083,Furniture,Storage,1377.74,3,119.51,0.2
ORD00543,2025-07-22,CUST0021,Office Supplies,Labels,510.98,5,103.44,0.1
ORD00544,2024-12-13,CUST0029,Technology,Laptops,1927.5,4,314.7,0.2
ORD00545,2025-12-23,CUST0016,Office Supplies,Labels,894.27,7,203.96,0.05
ORD00546,2024-08-09,CUST0105,Office Supplies,Labels,491.81,5,151.35,0.0
ORD00547,2025-05-27,CUST0067,Technology,Printers,1475.53,2,213.53,0.1
ORD00548,2024-07-29,CUST0094,Accessories,Mice,1646.38,6,143.94,0.1
ORD00549,2024-12-07,CUST0074,Office Supplies,Binders,619.13,4,188.79,0.0
ORD00550,2024-11-24,CUST0111,Furniture,Tables,471.45,2,53.37,0.0
ORD00551,2024-01-16,CUST0103,Technology,Laptops,1591.94,5,306.92,0.1
ORD00552,2025-08-10,CUST0113,Office Supplies,Labels,138.39,2,44.81,0.0
ORD00553,2024-04-18,CUST0019,Furniture,Chairs,2431.94,4,41.62,0.2
ORD00554,2025-09-23,CUST0091,Office Supplies,Envelopes,409.39,3,90.65,0.2
ORD00555,2025-08-04,CUST0001,Accessories,Webcams,294.59,2,27.6,0.1
ORD00556,2025-04-26,CUST0101,Office Supplies,Envelopes,252.33,2,69.55,0.1
ORD00557,2024-11-28,CUST0093,Office Supplies,Labels,555.25,4,102.44,0.05
ORD00558,2025-06-04,CUST0057,Furniture,Tables,410.7,1,68.06,0.0
ORD00559,2025-08-27,CUST0035,Office Supplies,Envelopes,411.1,4,87.92,0.0
ORD00560,2025-03-21,CUST0010,Office Supplies,Envelopes,174.67,5,39.37,0.0
ORD00561,2024-04-27,CUST0061,Office Supplies,Envelopes,695.97,5,94.79,0.1
ORD00562,2025-12-02,CUST0016,Technology,Laptops,2677.0,7,635.88,0.0
ORD00563,2024-05-30,CUST0022,Office Supplies,Binders,948.78,6,215.75,0.05
ORD00564,2025-08-06,CUST0044,Accessories,Headsets,1157.93,7,146.89,0.1
ORD00565,2024-05-10,CUST0089,Office Supplies,Envelopes,1370.24,7,186.12,0.25
ORD00566,2024-10-15,CUST0109,Accessories,Keyboards,1031.16,7,103.41,0.25
ORD00567,2025-11-09,CUST0075,Furniture,Tables,389.94,2,16.37,0.15
ORD00568,2024-05-17,CUST0088,Accessories,Mice,203.47,1,20.26,0.15
ORD00569,2025-10-19,CUST0043,Technology,Phones,2775.74,7,357.63,0.15
ORD00570,2025-07-19,CUST0075,Furniture,Storage,1690.61,7,30.04,0.2
ORD00571,2025-02-24,CUST0096,Office Supplies,Labels,543.0,5,85.1,0.1
ORD00572,2024-05-25,CUST0094,Furniture,Chairs,1412.64,6,167.24,0.15
ORD00573,2024-09-08,CUST0065,Furniture,Chairs,700.51,4,23.66,0.2
ORD00574,2024-12-17,CUST0091,Furniture,Chairs,1680.08,5,33.19,0.25
ORD00575,2024-10-23,CUST0101,Furniture,Bookcases,761.31,2,78.04,0.2
ORD00576,2025-08-09,CUST0099,Office Supplies,Paper,123.61,1,30.13,0.15
ORD00577,2024-09-15,CUST0112,Furniture,Bookcases,663.28,2,20.43,0.2
ORD00578,2025-11-05,CUST0096,Office Supplies,Paper,118.4,4,32.66,0.05
ORD00579,2024-03-27,CUST0020,Accessories,Headsets,608.54,2,88.19,0.15
ORD00580,2025-10-14,CUST0031,Technology,Printers,538.41,2,100.9,0.0
ORD00581,2024-11-04,CUST0101,Furniture,Storage,933.29,4,45.41,0.25
ORD00582,2024-01-13,CUST0070,Technology,Printers,1077.38,3,117.87,0.25
ORD00583,2025-03-18,CUST0089,Technology,Monitors,2276.93,5,636.05,0.0
ORD00584,2025-11-22,CUST0015,Office Supplies,Envelopes,826.63,6,130.34,0.25
ORD00585,2025-11-19,CUST0031,Technology,Laptops,847.49,1,167.09,0.15
ORD00586,2024-07-16,CUST0005,Office Supplies,Labels,113.17,1,33.57,0.05
ORD00587,2024-03-29,CUST0095,Office Supplies,Binders,1086.49,7,294.87,0.05
ORD00588,2024-10-28,CUST0035,Office Supplies,Labels,561.44,4,94.98,0.15
ORD00589,2024-09-20,CUST0059,Office Supplies,Labels,186.52,2,37.18,0.0
ORD00590,2025-03-27,CUST0108,Office Supplies,Paper,167.47,1,37.4,0.15
ORD00591,2024-08-11,CUST0105,Office Supplies,Envelopes,487.06,5,144.81,0.0
ORD00592,2024-01-20,CUST0030,Office Supplies,Envelopes,562.66,4,162.96,0.1
ORD00593,2025-08-11,CUST0059,Furniture,Storage,266.43,1,9.85,0.25
ORD00594,2024-01-04,CUST0048,Office Supplies,Paper,351.41,4,75.78,0.1
ORD00595,2025-10-09,CUST0004,Furniture,Chairs,1943.21,6,100.53,0.15
ORD00596,2024-06-29,CUST0052,Furniture,Tables,377.93,5,47.66,0.0
ORD00597,2025-10-09,CUST0026,Furniture,Chairs,988.03,4,9.98,0.2
ORD00598,2025-05-26,CUST0092,Furniture,Bookcases,1770.73,5,248.7,0.1
ORD00599,2025-02-19,CUST0102,Office Supplies,Binders,166.74,1,31.35,0.2
ORD00600,2024-02-07,CUST0083,Office Supplies,Binders,585.43,6,152.61,0.0
ORD00601,2024-06-25,CUST0008,Office Supplies,Binders,405.7,6,112.35,0.05
ORD00602,2024-04-26,CUST0055,Technology,Laptops,2832.45,4,492.69,0.1
ORD00603,2024-11-28,CUST0055,Accessories,Webcams,208.42,1,45.41,0.05
ORD00604,2024-03-05,CUST0023,Office Supplies,Labels,137.54,1,26.14,0.05
ORD00605,2024-05-16,CUST0058,Accessories,Keyboards,263.18,1,27.31,0.15
ORD00606,2025-12-24,CUST0117,Technology,Laptops,2794.33,6,414.5,0.15
ORD00607,2025-06-19,CUST0093,Technology,Monitors,1892.71,4,347.34,0.05
ORD00608,2025-10-04,CUST0082,Office Supplies,Binders,902.18,7,172.03,0.0
ORD00609,2025-07-06,CUST0063,Accessories,Headsets,638.77,5,99.94,0.05
ORD00610,2025-05-24,CUST0011,Technology,Printers,1892.24,2,294.55,0.05
ORD00611,2024-02-14,CUST0026,Furniture,Storage,406.67,1,45.32,0.15
ORD00612,2025-03-31,CUST0111,Technology,Phones,3359.14,5,686.06,0.05
ORD00613,2024-08-30,CUST0039,Furniture,Chairs,1582.1,6,0.14,0.2
ORD00614,2024-08-09,CUST0041,Accessories,Mice,1105.22,5,126.77,0.25
ORD00615,2024-05-10,CUST0118,Technology,Monitors,462.27,1,81.14,0.15
ORD00616,2024-10-29,CUST0074,Office Supplies,Paper,475.9,5,92.8,0.2
ORD00617,2025-02-25,CUST0049,Accessories,Keyboards,1520.36,7,204.33,0.15
ORD00618,2024-09-10,CUST0048,Office Supplies,Paper,121.85,3,23.91,0.2
ORD00619,2024-02-11,CUST0008,Furniture,Chairs,1917.16,4,-36.15,0.25
ORD00620,2024-03-26,CUST0044,Furniture,Tables,2480.99,5,292.33,0.1
ORD00621,2024-01-17,CUST0106,Office Supplies,Binders,383.82,4,71.85,0.2
ORD00622,2025-12-21,CUST0109,Furniture,Tables,1230.16,4,227.07,0.0
ORD00623,2025-06-27,CUST0044,Technology,Monitors,376.49,1,27.46,0.2
ORD00624,2025-09-27,CUST0073,Office Supplies,Binders,482.33,3,160.04,0.0
ORD00625,2025-01-09,CUST0053,Furniture,Chairs,686.66,3,87.3,0.05
ORD00626,2025-10-26,CUST0038,Furniture,Chairs,603.07,4,9.77,0.25
ORD00627,2025-05-30,CUST0110,Furniture,Bookcases,2807.68,6,-57.09,0.2
ORD00628,2025-04-07,CUST0070,Technology,Monitors,3081.45,5,640.51,0.0
ORD00629,2024-03-23,CUST0050,Accessories,Keyboards,865.84,4,99.83,0.1
ORD00630,2024-07-28,CUST0106,Technology,Phones,1702.59,5,439.23,0.05
ORD00631,2024-10-25,CUST0021,Furniture,Chairs,576.28,2,39.03,0.25
ORD00632,2025-05-12,CUST0086,Office Supplies,Labels,604.57,5,116.7,0.2
ORD00633,2024-09-23,CUST0049,Office Supplies,Paper,268.09,2,69.84,0.1
ORD00634,2025-12-29,CUST0079,Accessories,Mice,974.71,5,71.21,0.25
ORD00635,2024-02-12,CUST0102,Technology,Laptops,1228.57,3,177.1,0.25
ORD00636,2024-05-31,CUST0095,Furniture,Bookcases,1114.86,3,219.69,0.0
ORD00637,2025-04-14,CUST0055,Furniture,Tables,776.12,3,36.63,0.25
ORD00638,2025-08-10,CUST0102,Furniture,Bookcases,2123.15,6,107.22,0.25
ORD00639,2024-05-22,CUST0014,Furniture,Chairs,1706.1,6,77.98,0.15
ORD00640,2025-08-20,CUST0058,Furniture,Tables,1471.5,5,92.44,0.2
ORD00641,2025-06-08,CUST0105,Office Supplies,Binders,162.43,4,26.26,0.25
ORD00642,2025-01-13,CUST0082,Technology,Printers,2957.62,4,391.4,0.2
ORD00643,2025-03-01,CUST0019,Office Supplies,Envelopes,1193.58,7,159.06,0.25
ORD00644,2024-05-27,CUST0102,Technology,Laptops,579.44,2,44.32,0.2
ORD00645,2025-10-16,CUST0065,Technology,Printers,967.64,3,186.66,0.05
ORD00646,2025-07-21,CUST0098,Office Supplies,Labels,547.34,4,105.85,0.2
ORD00647,2024-06-06,CUST0040,Technology,Laptops,1309.25,3,43.74,0.25
ORD00648,2025-12-05,CUST0016,Furniture,Storage,1940.42,6,183.03,0.0
ORD00649,2025-08-02,CUST0118,Furniture,Storage,1464.95,4,227.59,0.0
ORD00650,2024-09-22,CUST0039,Office Supplies,Binders,315.89,2,69.0,0.1
ORD00651,2025-10-13,CUST0093,Technology,Printers,1592.94,3,215.72,0.05
ORD00652,2025-09-05,CUST0082,Technology,Laptops,3936.96,7,540.26,0.1
ORD00653,2024-04-08,CUST0069,Office Supplies,Labels,443.06,5,57.45,0.1
ORD00654,2024-04-14,CUST0054,Furniture,Tables,404.95,2,-4.75,0.2
ORD00655,2025-03-03,CUST0003,Accessories,Keyboards,1161.18,4,111.88,0.1
ORD00656,2025-09-03,CUST0028,Furniture,Storage,1192.41,5,144.34,0.0
ORD00657,2025-12-05,CUST0075,Accessories,Mice,208.58,2,40.72,0.0
ORD00658,2024-02-13,CUST0021,Office Supplies,Envelopes,292.84,2,78.19,0.0
ORD00659,2025-11-14,CUST0102,Technology,Monitors,252.48,1,59.93,0.05
ORD00660,2024-05-29,CUST0087,Furniture,Chairs,2590.96,7,-29.46,0.2
ORD00661,2024-04-11,CUST0115,Office Supplies,Binders,620.28,7,112.6,0.1
ORD00662,2024-04-11,CUST0003,Office Supplies,Binders,214.03,2,50.51,0.05
ORD00663,2024-12-29,CUST0030,Accessories,Mice,530.15,4,105.85,0.1
ORD00664,2025-05-22,CUST0120,Technology,Phones,2471.31,7,366.71,0.15
ORD00665,2025-12-04,CUST0082,Furniture,Bookcases,1194.1,7,136.1,0.05
ORD00666,2025-11-26,CUST0104,Accessories,Webcams,556.73,3,41.05,0.15
ORD00667,2024-05-26,CUST0081,Office Supplies,Binders,714.43,4,133.33,0.05
ORD00668,2024-07-24,CUST0060,Accessories,Headsets,860.64,5,110.24,0.15
ORD00669,2025-10-21,CUST0062,Office Supplies,Labels,364.73,4,88.63,0.2
ORD00670,2024-05-05,CUST0102,Office Supplies,Binders,337.49,3,80.74,0.25
ORD00671,2024-07-02,CUST0067,Technology,Laptops,1834.0,4,437.59,0.0
ORD00672,2025-04-22,CUST0033,Furniture,Storage,689.85,2,21.72,0.2
ORD00673,2025-03-16,CUST0118,Accessories,Keyboards,171.89,1,34.33,0.0
ORD00674,2025-12-24,CUST0112,Office Supplies,Labels,229.91,2,68.36,0.0
ORD00675,2025-05-02,CUST0068,Furniture,Storage,759.62,5,42.47,0.15
ORD00676,2024-11-24,CUST0011,Furniture,Bookcases,293.7,1,-15.62,0.25
ORD00677,2025-01-24,CUST0055,Office Supplies,Labels,123.11,1,28.31,0.05
ORD00678,2025-12-05,CUST0005,Office Supplies,Binders,145.17,1,31.28,0.0
ORD00679,2024-09-30,CUST0016,Accessories,Webcams,185.78,1,22.23,0.15
ORD00680,2024-04-12,CUST0054,Technology,Printers,3749.1,6,775.81,0.1
ORD00681,2024-07-25,CUST0110,Furniture,Storage,1223.23,4,213.29,0.05
ORD00682,2024-08-19,CUST0078,Technology,Printers,2212.48,5,469.06,0.1
ORD00683,2025-03-13,CUST0021,Office Supplies,Envelopes,334.62,2,88.14,0.1
ORD00684,2025-02-28,CUST0050,Office Supplies,Paper,605.3,4,175.98,0.0
ORD00685,2025-08-13,CUST0089,Furniture,Tables,1128.28,4,69.21,0.25
ORD00686,2025-08-02,CUST0038,Office Supplies,Envelopes,799.6,6,171.18,0.05
ORD00687,2025-02-24,CUST0004,Office Supplies,Envelopes,389.87,3,86.26,0.1
ORD00688,2025-12-04,CUST0069,Office Supplies,Labels,386.86,5,62.38,0.1
ORD00689,2025-03-08,CUST0088,Office Supplies,Envelopes,771.78,6,133.41,0.1
ORD00690,2025-05-12,CUST0118,Technology,Laptops,5569.91,7,905.6,0.0
ORD00691,2025-11-18,CUST0114,Furniture,Bookcases,1551.96,6,167.87,0.05
ORD00692,2025-06-18,CUST0062,Office Supplies,Binders,537.12,6,177.11,0.0
ORD00693,2024-12-03,CUST0041,Technology,Monitors,1469.82,7,252.83,0.15
ORD00694,2024-10-08,CUST0103,Technology,Phones,1697.76,4,72.29,0.25
ORD00695,2025-05-01,CUST0025,Furniture,Storage,1107.34,6,25.75,0.15
ORD00696,2025-10-22,CUST0014,Office Supplies,Binders,195.7,5,39.41,0.25
ORD00697,2025-10-16,CUST0019,Office Supplies,Labels,594.21,6,80.46,0.15
ORD00698,2024-09-18,CUST0120,Accessories,Webcams,205.46,3,27.49,0.05
ORD00699,2024-02-04,CUST0003,Office Supplies,Envelopes,483.61,3,111.2,0.15
ORD00700,2024-04-12,CUST0064,Furniture,Storage,2490.53,7,-117.95,0.25
ORD00701,2025-12-12,CUST0105,Office Supplies,Envelopes,159.87,1,18.89,0.25
ORD00702,2024-11-17,CUST0064,Furniture,Bookcases,1274.96,5,-70.55,0.25
ORD00703,2024-11-23,CUST0080,Office Supplies,Envelopes,474.08,4,78.75,0.1
ORD00704,2025-01-11,CUST0070,Technology,Printers,1111.34,2,234.66,0.0
ORD00705,2024-04-01,CUST0099,Accessories,Mice,362.51,4,39.19,0.15
ORD00706,2024-06-23,CUST0109,Technology,Monitors,3231.58,5,256.34,0.15
ORD00707,2024-07-27,CUST0047,Furniture,Tables,830.17,2,98.19,0.15
ORD00708,2024-10-16,CUST0074,Accessories,Mice,136.97,6,12.3,0.1
ORD00709,2024-09-11,CUST0073,Technology,Printers,2100.34,3,350.07,0.1
ORD00710,2025-01-27,CUST0061,Furniture,Tables,2000.16,6,303.35,0.0
ORD00711,2025-09-12,CUST0025,Technology,Monitors,1345.72,6,313.66,0.1
ORD00712,2025-11-18,CUST0108,Furniture,Storage,1093.69,3,175.81,0.05
ORD00713,2024-05-15,CUST0024,Accessories,Webcams,265.09,1,41.14,0.0
ORD00714,2025-01-04,CUST0049,Furniture,Bookcases,1468.76,4,194.08,0.1
ORD00715,2024-11-19,CUST0016,Furniture,Tables,2057.61,6,58.51,0.25
ORD00716,2024-06-01,CUST0011,Furniture,Tables,186.98,1,4.81,0.15
ORD00717,2024-02-11,CUST0002,Accessories,Webcams,938.33,4,38.22,0.25
ORD00718,2024-07-27,CUST0101,Technology,Laptops,4714.85,7,304.45,0.2
ORD00719,2025-06-22,CUST0094,Office Supplies,Binders,753.93,7,79.75,0.25
ORD00720,2025-11-28,CUST0081,Furniture,Bookcases,2354.16,6,198.8,0.1
ORD00721,2025-04-09,CUST0064,Technology,Printers,2436.07,6,346.46,0.25
ORD00722,2024-08-04,CUST0015,Furniture,Tables,2206.27,7,346.91,0.0
ORD00723,2025-02-12,CUST0077,Office Supplies,Binders,245.02,3,73.38,0.05
ORD00724,2025-10-24,CUST0032,Office Supplies,Labels,582.16,7,44.67,0.25
ORD00725,2025-01-02,CUST0014,Furniture,Tables,2831.95,6,131.92,0.15
ORD00726,2024-04-02,CUST0059,Office Supplies,Envelopes,1151.13,7,250.89,0.0
ORD00727,2025-11-23,CUST0010,Furniture,Storage,562.94,2,18.14,0.25
ORD00728,2024-03-22,CUST0015,Furniture,Storage,1363.32,7,97.04,0.05
ORD00729,2025-07-18,CUST0059,Furniture,Chairs,359.45,1,19.56,0.15
ORD00730,2024-12-29,CUST0008,Office Supplies,Labels,348.85,3,45.53,0.15
ORD00731,2024-02-16,CUST0119,Technology,Printers,656.93,1,57.31,0.25
ORD00732,2024-07-10,CUST0108,Office Supplies,Labels,261.55,2,73.39,0.0
ORD00733,2024-04-29,CUST0030,Technology,Printers,780.22,1,32.89,0.25
ORD00734,2025-12-08,CUST0073,Furniture,Bookcases,2261.83,6,324.05,0.05
ORD00735,2025-12-13,CUST0008,Technology,Laptops,911.27,2,159.44,0.15
ORD00736,2024-03-29,CUST0105,Accessories,Mice,940.92,3,117.34,0.05
ORD00737,2025-04-27,CUST0047,Furniture,Storage,353.0,1,33.55,0.15
ORD00738,2025-03-01,CUST0006,Technology,Printers,1656.72,7,371.84,0.0
ORD00739,2024-08-25,CUST0096,Furniture,Storage,2610.05,6,41.84,0.1
ORD00740,2024-04-29,CUST0034,Furniture,Storage,586.11,4,79.13,0.05
ORD00741,2025-03-24,CUST0114,Technology,Monitors,1381.5,2,111.91,0.25
ORD00742,2025-12-29,CUST0037,Technology,Monitors,1899.84,4,361.52,0.15
ORD00743,2024-10-16,CUST0076,Office Supplies,Paper,495.24,6,51.96,0.2
ORD00744,2024-11-06,CUST0108,Office Supplies,Envelopes,196.6,2,26.35,0.1
ORD00745,2024-03-06,CUST0093,Technology,Laptops,1351.35,3,197.57,0.1
ORD00746,2025-07-24,CUST0101,Office Supplies,Binders,423.58,3,135.99,0.0
ORD00747,2025-04-13,CUST0006,Accessories,Webcams,580.46,7,127.27,0.0
ORD00748,2024-06-20,CUST0020,Technology,Laptops,3299.0,6,162.36,0.25
ORD00749,2024-06-06,CUST0004,Furniture,Chairs,1887.52,6,161.22,0.15
ORD00750,2024-12-15,CUST0084,Technology,Printers,2874.53,3,484.71,0.1
ORD00751,2024-08-21,CUST0044,Technology,Printers,890.1,2,123.37,0.2
ORD00752,2025-03-29,CUST0052,Furniture,Chairs,698.67,2,83.91,0.1
ORD00753,2025-03-20,CUST0001,Accessories,Mice,173.54,1,14.85,0.2
ORD00754,2025-03-05,CUST0032,Office Supplies,Labels,428.37,4,108.9,0.1
ORD00755,2025-06-24,CUST0072,Technology,Monitors,4172.82,5,692.49,0.2
ORD00756,2025-12-15,CUST0098,Office Supplies,Envelopes,498.11,3,105.96,0.1
ORD00757,2024-05-09,CUST0033,Office Supplies,Envelopes,244.71,5,26.94,0.2
ORD00758,2024-01-29,CUST0084,Office Supplies,Binders,906.57,7,190.85,0.15
ORD00759,2025-01-16,CUST0060,Technology,Laptops,1746.89,3,421.89,0.0
ORD00760,2025-04-09,CUST0020,Office Supplies,Binders,250.06,3,48.16,0.25
ORD00761,2024-12-24,CUST0094,Office Supplies,Paper,421.37,3,74.45,0.25
ORD00762,2024-12-01,CUST0057,Office Supplies,Binders,372.8,5,44.53,0.25
ORD00763,2024-03-04,CUST0014,Furniture,Chairs,1286.84,4,50.13,0.2
ORD00764,2024-09-27,CUST0064,Office Supplies,Envelopes,765.91,5,126.45,0.15
ORD00765,2024-05-27,CUST0007,Furniture,Tables,1070.54,5,93.22,0.2
ORD00766,2024-02-03,CUST0045,Technology,Printers,3065.76,6,374.32,0.15
ORD00767,2024-02-11,CUST0094,Furniture,Bookcases,1560.48,5,110.18,0.15
ORD00768,2024-02-19,CUST0088,Technology,Printers,980.33,3,270.16,0.0
ORD00769,2025-03-03,CUST0114,Technology,Laptops,3440.62,4,475.45,0.15
ORD00770,2024-05-21,CUST0111,Office Supplies,Paper,775.76,5,135.08,0.25
ORD00771,2025-01-31,CUST0097,Office Supplies,Envelopes,202.5,2,21.41,0.15
ORD00772,2025-12-25,CUST0014,Office Supplies,Paper,44.12,1,13.06,0.0
ORD00773,2025-08-06,CUST0063,Technology,Laptops,3617.94,5,369.17,0.2
ORD00774,2024-09-08,CUST0056,Technology,Phones,4016.54,7,639.84,0.2
ORD00775,2024-01-24,CUST0016,Office Supplies,Envelopes,365.59,3,102.64,0.1
ORD00776,2024-10-19,CUST0094,Accessories,Mice,232.61,2,37.56,0.25
ORD00777,2024-07-04,CUST0035,Office Supplies,Labels,146.54,1,23.56,0.1
ORD00778,2024-02-23,CUST0014,Accessories,Keyboards,440.68,2,48.11,0.2
ORD00779,2024-11-21,CUST0092,Technology,Laptops,1475.77,4,342.24,0.0
ORD00780,2024-09-09,CUST0117,Accessories,Keyboards,1006.75,7,194.18,0.0
ORD00781,2025-01-17,CUST0112,Furniture,Tables,2511.53,5,181.39,0.2
ORD00782,2025-09-27,CUST0070,Technology,Printers,1312.12,3,247.95,0.1
ORD00783,2024-12-25,CUST0050,Office Supplies,Envelopes,867.95,7,114.84,0.25
ORD00784,2025-02-08,CUST0071,Technology,Laptops,2572.98,6,289.25,0.15
ORD00785,2025-11-29,CUST0016,Furniture,Bookcases,221.5,3,5.33,0.25
ORD00786,2025-09-05,CUST0069,Furniture,Storage,807.74,3,89.09,0.15
ORD00787,2025-02-27,CUST0085,Technology,Phones,4768.05,5,628.9,0.25
ORD00788,2025-11-19,CUST0083,Office Supplies,Envelopes,159.12,1,44.86,0.05
ORD00789,2024-05-07,CUST0105,Office Supplies,Binders,479.66,4,63.6,0.1
ORD00790,2024-04-02,CUST0052,Office Supplies,Paper,488.5,7,94.96,0.15
ORD00791,2025-12-21,CUST0013,Technology,Printers,819.66,6,195.72,0.0
ORD00792,2024-06-23,CUST0091,Office Supplies,Envelopes,136.68,5,37.2,0.05
ORD00793,2024-05-10,CUST0119,Technology,Laptops,2455.4,3,588.43,0.1
ORD00794,2025-11-28,CUST0083,Office Supplies,Labels,414.75,5,67.2,0.25
ORD00795,2025-02-20,CUST0016,Accessories,Webcams,551.29,3,114.25,0.0
ORD00796,2025-03-06,CUST0024,Technology,Monitors,2305.03,5,211.64,0.2
ORD00797,2025-12-07,CUST0049,Accessories,Mice,765.22,4,139.88,0.0
ORD00798,2025-03-18,CUST0075,Technology,Printers,3062.18,7,440.15,0.05
ORD00799,2024-02-25,CUST0079,Technology,Monitors,6105.4,7,626.84,0.2
ORD00800,2025-08-15,CUST0004,Technology,Printers,211.12,1,16.45,0.25
ORD00801,2024-02-26,CUST0072,Technology,Printers,1375.76,3,329.35,0.0
ORD00802,2025-09-24,CUST0046,Furniture,Chairs,1750.69,7,194.49,0.15
ORD00803,2024-12-13,CUST0082,Office Supplies,Binders,954.29,6,227.81,0.05
ORD00804,2025-08-30,CUST0027,Technology,Laptops,275.97,7,60.59,0.1
ORD00805,2024-07-09,CUST0065,Office Supplies,Envelopes,167.83,2,12.08,0.2
ORD00806,2025-08-20,CUST0048,Office Supplies,Labels,508.3,5,85.06,0.1
ORD00807,2024-02-28,CUST0005,Furniture,Tables,810.1,2,117.98,0.05
ORD00808,2024-03-11,CUST0101,Office Supplies,Paper,225.99,3,40.07,0.25
ORD00809,2025-09-22,CUST0061,Office Supplies,Labels,353.43,3,91.24,0.0
ORD00810,2025-12-10,CUST0026,Accessories,Mice,470.46,2,83.1,0.1
ORD00811,2024-07-07,CUST0055,Furniture,Storage,1864.86,7,230.38,0.0
ORD00812,2024-02-14,CUST0032,Furniture,Bookcases,448.92,1,40.69,0.05
ORD00813,2024-07-19,CUST0053,Office Supplies,Paper,125.76,1,22.77,0.05
ORD00814,2024-12-12,CUST0111,Office Supplies,Binders,161.52,2,27.95,0.2
ORD00815,2025-12-29,CUST0056,Accessories,Webcams,166.96,1,11.38,0.2
ORD00816,2025-10-13,CUST0057,Furniture,Storage,397.67,2,43.32,0.1
ORD00817,2025-10-06,CUST0017,Furniture,Chairs,2597.54,7,82.32,0.15
ORD00818,2025-11-10,CUST0048,Technology,Printers,1689.8,5,122.06,0.2
ORD00819,2024-11-25,CUST0077,Furniture,Tables,1966.4,6,212.37,0.1
ORD00820,2024-07-31,CUST0098,Office Supplies,Binders,286.08,2,36.05,0.15
ORD00821,2024-09-17,CUST0093,Office Supplies,Labels,475.1,5,98.13,0.05
ORD00822,2025-03-12,CUST0009,Furniture,Bookcases,1632.08,4,122.86,0.15
ORD00823,2025-10-22,CUST0104,Furniture,Bookcases,325.32,1,-1.45,0.25
ORD00824,2024-04-10,CUST0085,Technology,Phones,783.16,1,98.31,0.1
ORD00825,2024-07-14,CUST0043,Office Supplies,Labels,715.03,6,131.84,0.2
ORD00826,2024-10-15,CUST0033,Technology,Monitors,3401.44,7,396.34,0.25
ORD00827,2025-02-11,CUST0053,Office Supplies,Paper,208.77,2,28.84,0.2
ORD00828,2024-12-14,CUST0050,Office Supplies,Envelopes,1112.27,7,212.24,0.15
ORD00829,2025-01-18,CUST0080,Furniture,Chairs,667.53,2,-43.46,0.25
ORD00830,2025-03-11,CUST0049,Furniture,Storage,1411.81,6,141.06,0.2
ORD00831,2024-06-06,CUST0034,Office Supplies,Paper,239.32,3,53.39,0.15
ORD00832,2024-03-06,CUST0042,Technology,Printers,2633.0,5,117.03,0.25
ORD00833,2025-11-22,CUST0006,Technology,Laptops,2135.07,5,350.96,0.05
ORD00834,2024-07-29,CUST0013,Accessories,Headsets,241.17,2,45.32,0.0
ORD00835,2025-02-04,CUST0075,Accessories,Webcams,279.79,2,37.48,0.15
ORD00836,2024-07-29,CUST0006,Accessories,Mice,803.92,3,130.97,0.1
ORD00837,2024-10-09,CUST0033,Furniture,Storage,781.7,2,55.05,0.05
ORD00838,2025-04-16,CUST0014,Accessories,Webcams,1095.81,4,201.44,0.15
ORD00839,2025-02-04,CUST0117,Office Supplies,Labels,774.24,5,101.37,0.2
ORD00840,2025-12-16,CUST0107,Furniture,Tables,2066.74,5,292.54,0.05
ORD00841,2025-11-13,CUST0012,Office Supplies,Labels,67.53,1,9.73,0.2
ORD00842,2025-05-31,CUST0027,Furniture,Chairs,2517.83,7,325.33,0.0
ORD00843,2025-01-25,CUST0095,Technology,Printers,1272.19,3,326.92,0.0
ORD00844,2025-05-11,CUST0099,Technology,Printers,2542.99,4,363.98,0.05
ORD00845,2024-06-23,CUST0019,Technology,Phones,2303.76,7,232.69,0.15
ORD00846,2025-11-24,CUST0094,Office Supplies,Binders,218.15,3,19.29,0.25
ORD00847,2025-10-12,CUST0095,Furniture,Chairs,1138.85,7,51.28,0.25
ORD00848,2024-02-19,CUST0020,Technology,Laptops,4021.8,7,763.99,0.05
ORD00849,2024-12-11,CUST0076,Furniture,Chairs,1647.19,7,95.68,0.25
ORD00850,2025-06-08,CUST0011,Technology,Printers,411.75,1,69.33,0.2
ORD00851,2024-08-06,CUST0117,Furniture,Tables,283.31,1,10.53,0.15
ORD00852,2025-10-27,CUST0013,Technology,Monitors,2242.75,5,231.0,0.2
ORD00853,2024-09-14,CUST0070,Accessories,Mice,45.51,1,5.87,0.25
ORD00854,2025-11-13,CUST0078,Technology,Monitors,1086.76,4,58.61,0.2
ORD00855,2024-08-26,CUST0081,Technology,Laptops,564.6,1,119.57,0.05
ORD00856,2025-05-25,CUST0117,Technology,Monitors,1434.46,3,66.6,0.25
ORD00857,2024-05-17,CUST0027,Accessories,Headsets,548.42,3,85.78,0.15
ORD00858,2024-08-22,CUST0106,Furniture,Chairs,2276.94,7,-120.35,0.25
ORD00859,2025-09-14,CUST0077,Office Supplies,Paper,1007.55,7,201.69,0.15
ORD00860,2024-07-28,CUST0073,Technology,Phones,765.43,2,111.41,0.05
ORD00861,2024-11-14,CUST0093,Furniture,Storage,744.22,2,40.35,0.1
ORD00862,2024-10-05,CUST0040,Accessories,Mice,908.19,7,150.79,0.05
ORD00863,2024-06-08,CUST0103,Furniture,Storage,1838.03,7,253.35,0.0
ORD00864,2025-07-20,CUST0059,Accessories,Mice,916.8,6,59.04,0.2
ORD00865,2025-04-25,CUST0019,Technology,Phones,1149.44,2,68.81,0.25
ORD00866,2025-02-08,CUST0011,Furniture,Storage,680.51,6,27.07,0.15
ORD00867,2025-01-29,CUST0095,Accessories,Keyboards,590.67,5,72.22,0.25
ORD00868,2025-12-14,CUST0101,Office Supplies,Labels,148.31,1,44.54,0.0
ORD00869,2025-12-15,CUST0096,Furniture,Chairs,2079.67,6,140.79,0.1
ORD00870,2024-01-13,CUST0066,Office Supplies,Paper,111.85,1,21.18,0.2
ORD00871,2025-03-09,CUST0108,Technology,Phones,629.06,2,64.66,0.25
ORD00872,2024-04-01,CUST0040,Office Supplies,Envelopes,134.33,1,18.25,0.25
ORD00873,2024-01-07,CUST0080,Office Supplies,Labels,112.46,2,11.39,0.2
ORD00874,2024-06-23,CUST0030,Furniture,Storage,280.13,2,46.08,0.0
ORD00875,2024-07-24,CUST0035,Office Supplies,Paper,97.83,1,14.0,0.15
ORD00876,2025-10-13,CUST0015,Accessories,Keyboards,262.24,2,38.9,0.0
ORD00877,2024-01-10,CUST0067,Furniture,Chairs,434.63,1,84.59,0.0
ORD00878,2025-01-19,CUST0112,Furniture,Chairs,1671.12,5,232.78,0.1
ORD00879,2024-11-18,CUST0100,Furniture,Bookcases,3065.97,7,177.17,0.1
ORD00880,2025-04-12,CUST0046,Office Supplies,Binders,614.43,7,150.28,0.2
ORD00881,2025-01-12,CUST0056,Office Supplies,Paper,710.31,4,173.12,0.05
ORD00882,2024-01-18,CUST0089,Office Supplies,Labels,715.05,6,176.17,0.15
ORD00883,2024-12-22,CUST0068,Furniture,Chairs,470.61,4,12.36,0.25
ORD00884,2025-09-13,CUST0020,Office Supplies,Labels,254.35,2,48.27,0.25
ORD00885,2024-11-04,CUST0052,Technology,Laptops,4711.72,7,682.53,0.15
ORD00886,2024-09-06,CUST0073,Furniture,Tables,911.73,2,94.14,0.25
ORD00887,2025-01-27,CUST0104,Accessories,Headsets,829.14,7,137.16,0.25
ORD00888,2024-04-02,CUST0018,Technology,Printers,4640.98,7,814.05,0.2
ORD00889,2025-10-31,CUST0065,Furniture,Storage,1424.92,6,223.57,0.1
ORD00890,2024-12-14,CUST0045,Technology,Laptops,2858.24,6,584.66,0.05
ORD00891,2024-11-14,CUST0078,Accessories,Keyboards,139.29,1,18.41,0.1
ORD00892,2025-06-16,CUST0071,Accessories,Mice,861.02,6,121.31,0.15
ORD00893,2024-08-12,CUST0090,Office Supplies,Labels,378.31,4,53.72,0.25
ORD00894,2024-10-07,CUST0091,Furniture,Chairs,1528.63,7,-53.0,0.25
ORD00895,2024-06-05,CUST0103,Technology,Monitors,2300.68,7,370.59,0.25
ORD00896,2025-05-14,CUST0036,Accessories,Mice,919.57,6,230.18,0.0
ORD00897,2024-12-22,CUST0114,Furniture,Storage,2694.28,7,158.56,0.05
ORD00898,2024-05-14,CUST0085,Office Supplies,Binders,89.24,3,17.55,0.25
ORD00899,2025-03-28,CUST0025,Office Supplies,Paper,625.99,6,119.62,0.05
ORD00900,2025-11-25,CUST0077,Technology,Laptops,832.43,7,212.1,0.05
